{
  "Llama-2-7b-hf": {
    "perplexity": {
      "dense": 5.114044666290283,
      "magnitude_30": 5.735042572021484,
      "wanda_30": 5.524386405944824,
      "magnitude_50": 11.83237361907959,
      "wanda_50": 6.415358066558838,
      "magnitude_70": NaN,
      "wanda_70": 68.80448150634766
    },
    "zero_shot": {
      "dense": {
        "piqa": 0.7812840043525572,
        "hellaswag": 0.5710017924716192,
        "arc_easy": 0.7546296296296297,
        "boolq": 0.7932721712538227,
        "rte": 0.6389891696750902,
        "average": 0.7078353534765437
      },
      "magnitude_30": {
        "piqa": 0.7840043525571273,
        "hellaswag": 0.5812587134037045,
        "arc_easy": 0.7596801346801347,
        "boolq": 0.7519877675840979,
        "rte": 0.5776173285198556,
        "average": 0.6909096593489841
      },
      "wanda_30": {
        "piqa": 0.780195865070729,
        "hellaswag": 0.5656243776140211,
        "arc_easy": 0.7558922558922558,
        "boolq": 0.7856269113149847,
        "rte": 0.5667870036101083,
        "average": 0.6908252827004198
      },
      "magnitude_50": {
        "piqa": 0.7459194776931447,
        "hellaswag": 0.530870344552878,
        "arc_easy": 0.6784511784511784,
        "boolq": 0.6342507645259939,
        "rte": 0.5234657039711191,
        "average": 0.6225914938388628
      },
      "wanda_50": {
        "piqa": 0.7606093579978237,
        "hellaswag": 0.5182234614618602,
        "arc_easy": 0.7255892255892256,
        "boolq": 0.7608562691131499,
        "rte": 0.5451263537906137,
        "average": 0.6620809335905345
      },
      "magnitude_70": {
        "piqa": 0.5277475516866159,
        "hellaswag": 0.25871340370444135,
        "arc_easy": 0.2563131313131313,
        "boolq": 0.3785932721712538,
        "rte": 0.51985559566787,
        "average": 0.3882445909086624
      },
      "wanda_70": {
        "piqa": 0.5424374319912949,
        "hellaswag": 0.2789285002987453,
        "arc_easy": 0.29545454545454547,
        "boolq": 0.4703363914373089,
        "rte": 0.5270758122743683,
        "average": 0.4228465362912526
      }
    },
    "sparsity_stats": {
      "magnitude_30": {
        "total_params": 6476005376,
        "pruned_params": 1947665209,
        "layer_sparsities": [
          0.3007867398039665,
          0.30077337353958367,
          0.3007420455853556,
          0.30075468053471854,
          0.3007573340223243,
          0.3007570128366737,
          0.3007759034942469,
          0.3007815168311559,
          0.30077836921178,
          0.3007611289543191,
          0.3007687879967566,
          0.3007608176513039,
          0.3007572253133349,
          0.30075744767263146,
          0.3007567707121063,
          0.3007541666376776,
          0.3007453612095334,
          0.3007423618296885,
          0.30073412959439766,
          0.3007386558414123,
          0.3007278343556459,
          0.3007210351024885,
          0.30072597642019006,
          0.30072786400355206,
          0.3007150363427987,
          0.30071842608674204,
          0.3007171660507281,
          0.3007249140368842,
          0.30073903138155766,
          0.3007491067283512,
          0.3007820504934677,
          0.3008003037210573
        ],
        "layer_names": [
          "Layer 0",
          "Layer 1",
          "Layer 2",
          "Layer 3",
          "Layer 4",
          "Layer 5",
          "Layer 6",
          "Layer 7",
          "Layer 8",
          "Layer 9",
          "Layer 10",
          "Layer 11",
          "Layer 12",
          "Layer 13",
          "Layer 14",
          "Layer 15",
          "Layer 16",
          "Layer 17",
          "Layer 18",
          "Layer 19",
          "Layer 20",
          "Layer 21",
          "Layer 22",
          "Layer 23",
          "Layer 24",
          "Layer 25",
          "Layer 26",
          "Layer 27",
          "Layer 28",
          "Layer 29",
          "Layer 30",
          "Layer 31"
        ],
        "actual_sparsity": 0.30075101793738845
      },
      "wanda_30": {
        "total_params": 6476005376,
        "pruned_params": 1978982630,
        "layer_sparsities": [
          0.3001420905552997,
          0.30013559766383985,
          0.3001465772717728,
          0.3001370306459733,
          0.30016575452577265,
          0.300156277078421,
          0.30014553959505547,
          0.30015682556468587,
          0.30015116775591755,
          0.30014702693168366,
          0.3001447489842232,
          0.30014714552330846,
          0.3001414926558579,
          0.30014208067266435,
          0.30013861680895554,
          0.3001541967836686,
          0.300158446316892,
          0.3001625426692666,
          0.30016071438171704,
          0.300157883006674,
          0.30015266991649886,
          0.30015120728645917,
          0.3001463153819346,
          0.3001440226105211,
          0.3001415964235296,
          0.30014605843341413,
          0.3001502882013667,
          0.30014678480711626,
          0.30013458963502876,
          0.3001395803659073,
          0.4741968145024591,
          0.30014021779589084
        ],
        "layer_names": [
          "Layer 0",
          "Layer 1",
          "Layer 2",
          "Layer 3",
          "Layer 4",
          "Layer 5",
          "Layer 6",
          "Layer 7",
          "Layer 8",
          "Layer 9",
          "Layer 10",
          "Layer 11",
          "Layer 12",
          "Layer 13",
          "Layer 14",
          "Layer 15",
          "Layer 16",
          "Layer 17",
          "Layer 18",
          "Layer 19",
          "Layer 20",
          "Layer 21",
          "Layer 22",
          "Layer 23",
          "Layer 24",
          "Layer 25",
          "Layer 26",
          "Layer 27",
          "Layer 28",
          "Layer 29",
          "Layer 30",
          "Layer 31"
        ],
        "actual_sparsity": 0.305586934398493
      },
      "magnitude_50": {
        "total_params": 6476005376,
        "pruned_params": 3246617465,
        "layer_sparsities": [
          0.50137267829223,
          0.5013431588602807,
          0.5013569747845743,
          0.5013652860809484,
          0.5013701038657075,
          0.5013634281454926,
          0.5013774812530359,
          0.5013730044191983,
          0.5013716406155126,
          0.5013647672425897,
          0.5013698864477286,
          0.5013591637883161,
          0.5013583039990361,
          0.5013478481707795,
          0.5013546820131608,
          0.5013408512649141,
          0.5013261557860695,
          0.501331032866641,
          0.5013287104473213,
          0.5013204930359836,
          0.5013121273851148,
          0.5013082336267659,
          0.5013121916222448,
          0.5012930687227397,
          0.5012861360540044,
          0.5012884288254179,
          0.5012840607005697,
          0.5012848364874489,
          0.5012774640414381,
          0.5012808982572408,
          0.5012697209965997,
          0.5012755319862168
        ],
        "layer_names": [
          "Layer 0",
          "Layer 1",
          "Layer 2",
          "Layer 3",
          "Layer 4",
          "Layer 5",
          "Layer 6",
          "Layer 7",
          "Layer 8",
          "Layer 9",
          "Layer 10",
          "Layer 11",
          "Layer 12",
          "Layer 13",
          "Layer 14",
          "Layer 15",
          "Layer 16",
          "Layer 17",
          "Layer 18",
          "Layer 19",
          "Layer 20",
          "Layer 21",
          "Layer 22",
          "Layer 23",
          "Layer 24",
          "Layer 25",
          "Layer 26",
          "Layer 27",
          "Layer 28",
          "Layer 29",
          "Layer 30",
          "Layer 31"
        ],
        "actual_sparsity": 0.5013302609401663
      },
      "wanda_50": {
        "total_params": 6476005376,
        "pruned_params": 3240328024,