{
  "Llama-3.1-8B": {
    "perplexity": {
      "dense": 5.846424579620361,
      "magnitude_30": 8.503436088562012,
      "wanda_30": 6.318479537963867,
      "magnitude_50": 37.821014404296875,
      "wanda_50": 8.996557235717773,
      "magnitude_70": 263197.625,
      "wanda_70": 96.74583435058594
    },
    "zero_shot": {
      "dense": {
        "piqa": 0.7927094668117519,
        "hellaswag": 0.606652061342362,
        "arc_easy": 0.821969696969697,
        "boolq": 0.8308868501529052,
        "rte": 0.7111913357400722,
        "average": 0.7526818822033576
      },
      "magnitude_30": {
        "piqa": 0.766050054406964,
        "hellaswag": 0.5637323242381995,
        "arc_easy": 0.7836700336700336,
        "boolq": 0.8018348623853211,
        "rte": 0.6714801444043321,
        "average": 0.7173534838209701
      },
      "wanda_30": {
        "piqa": 0.7834602829162133,
        "hellaswag": 0.5954989046006771,
        "arc_easy": 0.8051346801346801,
        "boolq": 0.8293577981651377,
        "rte": 0.7111913357400722,
        "average": 0.7449286003113561
      },
      "magnitude_50": {
        "piqa": 0.704570184983678,
        "hellaswag": 0.4326827325234017,
        "arc_easy": 0.6220538720538721,
        "boolq": 0.5241590214067279,
        "rte": 0.5379061371841155,
        "average": 0.564274389630359
      },
      "wanda_50": {
        "piqa": 0.7388465723612623,
        "hellaswag": 0.5052778331009758,
        "arc_easy": 0.7184343434343434,
        "boolq": 0.7914373088685015,
        "rte": 0.5487364620938628,
        "average": 0.6605465039717892
      },
      "magnitude_70": {
        "piqa": 0.5473340587595212,
        "hellaswag": 0.264389563831906,
        "arc_easy": 0.29713804713804715,
        "boolq": 0.3782874617737003,
        "rte": 0.5270758122743683,
        "average": 0.40284498875550856
      },
      "wanda_70": {
        "piqa": 0.5516866158868335,
        "hellaswag": 0.2748456482772356,
        "arc_easy": 0.32323232323232326,
        "boolq": 0.44434250764525995,
        "rte": 0.5270758122743683,
        "average": 0.42423658146320414
      }
    },
    "sparsity_stats": {
      "magnitude_30": {
        "total_params": 6979321856,
        "pruned_params": 2100153311,
        "layer_sparsities": [
          0.300915002822876,
          0.3009159244023837,
          0.30092685039226824,
          0.3009145214007451,
          0.30091530543107253,
          0.30090840046222395,
          0.3008991250625023,
          0.3009112798250638,
          0.3009215501638559,
          0.3009269925264212,
          0.30091717609992397,
          0.3009158189480121,
          0.30091493404828584,
          0.3009184140425462,
          0.300917781316317,
          0.3009260938717769,
          0.30092259095265317,
          0.3009261993261484,
          0.30092020676686215,
          0.30092273767177874,
          0.30092475047478306,
          0.30092305403489333,
          0.3009120959502,
          0.3009068644963778,
          0.30090911113298857,
          0.3009045307452862,
          0.30090097739146304,
          0.3008977495706998,
          0.30089683257616484,
          0.30088266959557164,
          0.30088212398382336,
          0.30084787882291353
        ],
        "layer_names": [
          "Layer 0",
          "Layer 1",
          "Layer 2",
          "Layer 3",
          "Layer 4",
          "Layer 5",
          "Layer 6",
          "Layer 7",
          "Layer 8",
          "Layer 9",
          "Layer 10",
          "Layer 11",
          "Layer 12",
          "Layer 13",
          "Layer 14",
          "Layer 15",
          "Layer 16",
          "Layer 17",
          "Layer 18",
          "Layer 19",
          "Layer 20",
          "Layer 21",
          "Layer 22",
          "Layer 23",
          "Layer 24",
          "Layer 25",
          "Layer 26",
          "Layer 27",
          "Layer 28",
          "Layer 29",
          "Layer 30",
          "Layer 31"
        ],
        "actual_sparsity": 0.30091079825965256
      },
      "wanda_30": {
        "total_params": 6979321856,
        "pruned_params": 2094780494,
        "layer_sparsities": [
          0.3001170525184044,
          0.3001511968099154,
          0.300131224668943,
          0.3001387669489934,
          0.3001336409495427,
          0.30014458986429066,
          0.3001530124590947,
          0.3001473912825951,
          0.30014729499816895,
          0.30014644677822405,
          0.3001453463847821,
          0.30014342069625854,
          0.30014406259243304,
          0.3001385835500864,
          0.30013410861675555,
          0.3001325588959914,
          0.3001330173932589,
          0.3001450804563669,
          0.30013978481292725,
          0.3001427925550021,
          0.3001397756429819,
          0.30014259081620437,
          0.30014044963396513,
          0.30014077516702503,
          0.300138913668119,
          0.3001418893153851,
          0.30015017894598156,
          0.3001439067033621,
          0.30013869817440325,
          0.30014195350500256,
          0.3001406972224896,
          0.3001421231489915
        ],
        "layer_names": [
          "Layer 0",
          "Layer 1",
          "Layer 2",
          "Layer 3",
          "Layer 4",
          "Layer 5",
          "Layer 6",
          "Layer 7",
          "Layer 8",
          "Layer 9",
          "Layer 10",
          "Layer 11",
          "Layer 12",
          "Layer 13",
          "Layer 14",
          "Layer 15",
          "Layer 16",
          "Layer 17",
          "Layer 18",
          "Layer 19",
          "Layer 20",
          "Layer 21",
          "Layer 22",
          "Layer 23",
          "Layer 24",
          "Layer 25",
          "Layer 26",
          "Layer 27",
          "Layer 28",
          "Layer 29",
          "Layer 30",
          "Layer 31"
        ],
        "actual_sparsity": 0.3001409789117483
      },
      "magnitude_50": {
        "total_params": 6979321856,
        "pruned_params": 3500416241,
        "layer_sparsities": [
          0.5013742538598868,
          0.5016281788165753,
          0.5016215856258686,
          0.5015589686540457,
          0.5013945148541377,
          0.501444949553563,
          0.5014481177696815,
          0.5014833441147437,
          0.501463362803826,
          0.5014794056232159,
          0.5015048934863164,
          0.5015038802073553,
          0.5015330085387597,
          0.5015260072854849,
          0.501529757793133,
          0.5015402207007775,
          0.5015298494925866,
          0.5015349021324744,
          0.5015614445392902,
          0.5015546679496765,
          0.5015689317996685,
          0.5015649382884686,
          0.5015873863146856,
          0.5016063818564782,
          0.5016216910802401,
          0.5016130896715018,
          0.5016188621520996,
          0.5016079728419964,
          0.501613818682157,
          0.5015904903411865,
          0.5015673133043143,
          0.5015366260822003
        ],
        "layer_names": [
          "Layer 0",
          "Layer 1",
          "Layer 2",
          "Layer 3",
          "Layer 4",
          "Layer 5",
          "Layer 6",
          "Layer 7",
          "Layer 8",
          "Layer 9",
          "Layer 10",
          "Layer 11",
          "Layer 12",
          "Layer 13",
          "Layer 14",
          "Layer 15",
          "Layer 16",
          "Layer 17",
          "Layer 18",
          "Layer 19",
          "Layer 20",
          "Layer 21",
          "Layer 22",
          "Layer 23",
          "Layer 24",
          "Layer 25",
          "Layer 26",
          "Layer 27",
          "Layer 28",
          "Layer 29",
          "Layer 30",
          "Layer 31"
        ],
        "actual_sparsity": 0.5015410255067624
      },
      "wanda_50": {
        "total_params": 6979321856,
        "pruned_params": 3492060385,